,dosday,postlink
0,1367341200000,192821.0
1,1381424400000,309553.0
2,1307898000000,16310.0
3,1347210000000,108404.0
4,1347728400000,110028.0
5,1348506000000,112725.0
6,1365440400000,171623.0
7,1365440400000,171436.0
8,1351616400000,121455.0
9,1365613200000,173926.0
10,1375894800000,270067.0
11,1307898000000,16310.0
12,1309885200000,26382.0
13,1310576400000,28854.0
14,1318438800000,48008.0
15,1351184400000,120749.0
16,1352221200000,122882.0
17,1370970000000,232730.0
18,1371574800000,238032.0
19,1373821200000,256543.0
20,1373907600000,257353.0
21,1350320400000,118751.0
22,1363971600000,156893.0
23,1365526800000,172614.0
24,1365613200000,172954.0
25,1369933200000,221152.0
26,1366650000000,185878.0
27,1335718800000,78626.0
28,1363712400000,155323.0
29,1369933200000,221152.0
30,1376931600000,278011.0
31,1369155600000,213015.0
32,1371834000000,240611.0
33,1329843600000,65590.0
34,1343235600000,95812.0
35,1360170000000,141764.0
36,1362416400000,149191.0
37,1364835600000,164966.0
38,1364922000000,165960.0
39,1365008400000,166548.0
40,1365094800000,195541.0
41,1367686800000,195541.0
42,1369933200000,221122.0
43,1370883600000,231996.0
44,1372093200000,242869.0
45,1309798800000,26133.0
46,1309885200000,26382.0
47,1309971600000,26782.0
48,1313082000000,36699.0
49,1318438800000,48008.0
50,1318957200000,49038.0
51,1319043600000,49150.0
52,1339606800000,87613.0
53,1339693200000,87765.0
54,1366131600000,178722.0
55,1375203600000,265205.0
56,1315242000000,41713.0
57,1342544400000,94025.0
58,1342890000000,94656.0
59,1362157200000,148353.0
60,1364144400000,157846.0
61,1370710800000,229802.0
62,1369846800000,220288.0
63,1372093200000,242869.0
64,1374253200000,259506.0
65,1374512400000,261392.0
66,1306515600000,10308.0
67,1306602000000,10550.0
68,1306774800000,10796.0
69,1307638800000,14520.0
70,1307725200000,15318.0
71,1307898000000,16274.0
72,1309971600000,26782.0
73,1310058000000,27032.0
74,1318957200000,49038.0
75,1319043600000,49150.0
76,1339606800000,87613.0
77,1364403600000,159885.0
78,1339693200000,87765.0
79,1363366800000,153655.0
80,1309539600000,25274.0
81,1318957200000,49038.0
82,1369501200000,216605.0
83,1369760400000,219117.0
84,1319043600000,49150.0
85,1378659600000,290866.0
86,1379523600000,297078.0
87,1314291600000,39585.0
88,1351789200000,122046.0
89,1362848400000,151615.0
90,1304355600000,7118.0
91,1307984400000,16864.0
92,1308416400000,19527.0
93,1312045200000,33223.0
94,1345914000000,103368.0
95,1351184400000,120737.0
96,1364403600000,160225.0
97,1364490000000,160500.0
98,1364576400000,162317.0
99,1364922000000,165968.0
100,1365008400000,166650.0
101,1365181200000,168755.0
102,1365526800000,172550.0
103,1365613200000,173383.0
104,1365699600000,174299.0
105,1365786000000,175261.0
106,1365872400000,176188.0
107,1366218000000,179644.0
108,1366477200000,182298.0
109,1366822800000,186983.0
110,1366909200000,187921.0
111,1367082000000,189667.0
112,1368032400000,199744.0
113,1368378000000,204364.0
114,1368550800000,206406.0
115,1369501200000,216698.0
116,1369933200000,221152.0
117,1375203600000,265205.0
118,1378746000000,291674.0
119,1331830800000,69040.0
120,1342544400000,94025.0
121,1362934800000,152004.0
122,1379696400000,298881.0
123,1377882000000,285162.0
124,1362848400000,151615.0
125,1379005200000,293663.0
126,1379437200000,296587.0
127,1379523600000,297078.0
128,1364144400000,157854.0
129,1306602000000,10550.0
130,1307898000000,16201.0
131,1309971600000,26782.0
132,1318957200000,49038.0
133,1319043600000,49150.0
134,1319562000000,49939.0
135,1366045200000,178386.0
136,1366131600000,178722.0
137,1366218000000,179870.0
138,1369501200000,216605.0
139,1365094800000,168087.0
140,1372093200000,242971.0
141,1349715600000,117327.0
